User_ID,Run_Number,File_Number,Execution_Time_sec
1,1,4,0.2749776840209961
1,1,3,0.3850414752960205
1,1,1,0.575251579284668
1,1,2,0.7349269390106201

