Run_Time,Start_Time,End_Time
13.025595903396606,1701803030.3221788,1701803043.3477747
