Run_Time,Start_Time,End_Time
9.13599157333374,1701803415.5761254,1701803424.712117
