Run_Time,Start_Time,End_Time
12.240335464477539,1701977502.7888744,1701977515.0292099
