Run_Time,Start_Time,End_Time
7.952266693115234,1701798894.6146398,1701798902.5669065
