Run_Time,Start_Time,End_Time
4.425894737243652,1701800000.6798167,1701800005.1057115
