Run_Time,Start_Time,End_Time
7.278042793273926,1701804894.7532592,1701804902.031302
