Run_Time,Start_Time,End_Time
10.555676698684692,1701976976.6271148,1701976987.1827915
