User_ID,Run_Number,File_Number,Execution_Time_sec
1,1,4,0.262423038482666
1,1,3,3.7041337490081787
1,1,1,0.6961915493011475
1,1,2,0.7618715763092041
