Run_Time,Start_Time,End_Time
5.011929273605347,1701804434.934286,1701804439.9462154
