Run_Time,Start_Time,End_Time
30.06281566619873,1702336767.1052353,1702336797.168051
