Run_Time,Start_Time,End_Time
4.38940167427063,1701804461.8012497,1701804466.1906514
