Run_Time,Start_Time,End_Time
4.021938323974609,1701789650.5282066,1701789654.550145
