User_ID,Run_Number,File_Number,Execution_Time_sec
1,1,4,0.2377920150756836
1,1,3,0.141129732131958
1,1,1,0.6905620098114014
1,1,2,0.4246671199798584
