Run_Time,Start_Time,End_Time
4.653835773468018,1701801000.5351586,1701801005.1889944
