Run_Time,Start_Time,End_Time
10.439823627471924,1701803817.8590472,1701803828.2988708
