Run_Time,Start_Time,End_Time
10.940865516662598,1701977641.2942426,1701977652.2351081
