Run_Time,Start_Time,End_Time
8.117020606994629,1701804945.2233806,1701804953.3404012
