Run_Time,Start_Time,End_Time
3.9130959510803223,1701787620.7325804,1701787624.6456764
