User_ID,Run_Number,File_Number,Execution_Time_sec
1,1,4,0.2955763339996338
1,1,3,0.22075676918029785
1,1,1,0.5834043025970459
1,1,2,0.6833927631378174
