Run_Time,Start_Time,End_Time
4.0971667766571045,1701804292.027437,1701804296.1246037
