Run_Time,Start_Time,End_Time
9.935046672821045,1701805451.470346,1701805461.4053926
