Run_Time,Start_Time,End_Time
11.160862922668457,1701804678.0646713,1701804689.2255342
