Run_Time,Start_Time,End_Time
9.90340256690979,1701805253.8863506,1701805263.7897532
