Run_Time,Start_Time,End_Time
10.847159385681152,1701803945.504249,1701803956.3514085
