Run_Time,Start_Time,End_Time
11.013613939285278,1701977825.151252,1701977836.164866
