Run_Time,Start_Time,End_Time
4.560593605041504,1701804719.3560271,1701804723.9166207
